"","county","ACT_Composite","Pct_Chronically_Absent","Pct_Suspended","Pct_Expelled","Graduation","Dropout","CORE_region","mean_math","mean_science","mean_literature","sum_total_population","sum_total_income_returns","sum_total_income_amount","income_per_tax_return","sum_num_dependents","sum_adj_gross_income","mean_adj_gross_income","mean_total_income_amount","sum_taxes_paid_returns","sum_taxes_paid_amount"
"1","anderson",19.9,11.5,5,0.1,94,4.2,"East TN CORE",76.1,73.6,45.7,389586,31520,1695317,53.7854378172589,18590,1674852,279142,282552.833333333,5520,27052
"2","bedford",18.4,8.6,2.2,0,90.8,5.4,"South Central CORE",64.3,62.1,44.1,170580,19300,860292,44.5747150259067,16110,848932,212233,215073,2360,9086
"3","benton",18.4,6.5,0,0,94.5,3,"Northwest CORE",73.7,77.1,46,52200,6530,272107,41.6702909647779,3980,268618,67154.5,68026.75,790,2772
"4","bledsoe",19.2,9.1,2.4,0.1,92.4,6.9,"Upper Cumberland CORE",64.8,73,35.4,7280,3410,131702,38.6222873900293,2350,129701,129701,131702,380,1170
"5","blount",19.7,17,4.7,0.1,89.1,9.2,"East TN CORE",73.2,65.1,46.3,1069440,53270,2902794,54.4920968650272,31380,2865675,286567.5,290279.4,10860,48955
"6","bradley",18.8,16,3.9,0.1,93.1,5.6,"Southeast CORE",0,64.1,52.4,574020,44650,2150527,48.1640985442329,32160,2121773,353628.833333333,358421.166666667,7600,31521
"7","campbell",17.2,18.1,4.6,0,87.6,3.1,"East TN CORE",71.6,48.9,36.7,166260,13440,545214,40.5665178571429,8940,539476,89912.6666666667,90869,1230,5145
"8","cannon",18.6,14.5,1.7,0,95.1,2.1,"Upper Cumberland CORE",65.5707865168539,66.9,45.1,48200,6010,268852,44.7341098169717,3690,265485,66371.25,67213,810,2704
"9","carter",18.3,16.9,3.1,0,88.6,8,"First TN CORE",0,70.3,40.4,141988,17110,687239,40.1659263588545,10370,679975,169993.75,171809.75,1690,6453
"10","cheatham",20.8,13.4,5.8,0.1,91.2,5.9,"Mid Cumberland CORE",0,73.3,46.4,181900,17880,961637,53.7828299776286,11750,947134,189426.8,192327.4,3450,13771
"11","chester",19.7,12.6,0,0,88.4,6.6,"Southwest/Memphis CORE",73.6,76.8,53.7,47440,5610,236561,42.1677361853832,4080,233050,58262.5,59140.25,710,2262
"12","claiborne",17.7,20.2,4.6,0,95.3,2.5,"East TN CORE",52.1,53.4,42.7,157254,11420,453139,39.6794220665499,7340,447565,74594.1666666667,75523.1666666667,1240,5033
"13","clay",18.4,9.8,0.5,0,96.8,1.6,"Upper Cumberland CORE",68,65.8,33.5,8360,2010,67876,33.7691542288557,1360,67015,33507.5,33938,170,529
"14","cocke",18.3,14.9,6.1,0.1,93.9,4.3,"First TN CORE",60.2,59.5,42.7,177468,14330,499284,34.8418702023726,9090,494390,82398.3333333333,83214,1200,4040
"15","coffee",20,16.5,1.7,0,88.9,6.4,"South Central CORE",69.8,67,47.6,261990,25310,1233428,48.7328328723825,16640,1216504,243300.8,246685.6,3550,16508
"16","crockett",19.1,4.2,0,0.1,95.9,3.1,"Northwest CORE",78,77.9,48.8,51740,5700,245666,43.099298245614,4270,242225,60556.25,61416.5,610,1993
"17","cumberland",19.6,11.7,0.7,0,93,3.9,"Upper Cumberland CORE",84.3,72.5,52,233445,22510,1061663,47.1640604175922,11560,1047358,209471.6,212332.6,3740,13663
"18","davidson",18.7,14.5,10.7,0.4,78.7,14.6,"Mid Cumberland CORE",65.9,51.7,39.4,16622064,336210,21754199,64.7041997561048,197120,21366354,791346.444444444,805711.074074074,73990,463520
"19","decatur",18.6,19.3,0.2,0.1,94.4,4.8,"Southwest/Memphis CORE",70.2,72.7,47.1,33200,4000,164930,41.2325,2630,163159,40789.75,41232.5,480,1425
"20","dekalb",17.7,13.9,3.8,0,94.9,2.2,"Upper Cumberland CORE",52.9,72.1,45.7,66480,7820,316353,40.454347826087,5890,311942,77985.5,79088.25,740,2469
"21","dickson",21,12.2,0.5,0,90.7,7.4,"Mid Cumberland CORE",68.4,69.6,52.2,276234,22140,1050267,47.4375338753388,14910,1036136,172689.333333333,175044.5,3440,12893
"22","dyer",21.3,9.6,0,0,95,3.3,"Northwest CORE",88.4,80.8,54.7,129188,14980,684719,45.7088785046729,11170,673715,168428.75,171179.75,2100,9487
"23","fayette",16.6,14.5,12.9,0,80.6,15.9,"Southwest/Memphis CORE",39.7,56.1,32.6,199890,16130,1240259,76.8914445133292,10470,1220519,203419.833333333,206709.833333333,4840,24281
"24","fentress",17.4,11.9,0,0,93.8,6.3,"Upper Cumberland CORE",81.4,100,43.6,51160,6040,231645,38.351821192053,4230,228334,57083.5,57911.25,660,2122
"25","franklin",18.7,12.8,4.1,0,89.1,5.6,"South Central CORE",64.5,61,42.2,255024,15940,774705,48.6013174404015,9660,763753,95469.125,96838.125,2020,9077
"26","gibson",19.7,8.2,0,0,94.9,4,"Northwest CORE",83.7,75.3,57.8,383904,22910,1068031,46.6185508511567,16490,1053021,131627.625,133503.875,3070,11133
"27","giles",18.2,27.6,3.1,0.4,87.2,9.9,"South Central CORE",64.8,51.3,45.3,143688,11910,537416,45.1230898404702,7300,530493,88415.5,89569.3333333333,1510,5595
"28","grainger",18,18.6,0.6,0.1,88.1,7.3,"East TN CORE",55.6,55.9,37.9,117300,9190,375611,40.8717083786725,6320,371301,61883.5,62601.8333333333,960,3639
"29","greene",18.9,18.1,5.7,0,93.7,3.1,"First TN CORE",64.1,63.2,43.4,383019,27190,1134555,41.7269216623759,16410,1120373,160053.285714286,162079.285714286,3390,12614
"30","grundy",17.6,18.1,0.3,0,90,5.3,"Southeast CORE",47.9,51.9,32.4,95520,5660,216809,38.3054770318021,4050,214125,26765.625,27101.125,460,1563
"31","hamblen",19.7,5.2,3.7,0.4,91,6.4,"First TN CORE",76.7,70.9,48,304970,27840,1224806,43.9944683908046,22580,1209512,241902.4,244961.2,3550,13374
"32","hamilton",18.9,14.1,7.9,0.6,82.6,12,"Southeast CORE",60.9,57.6,44.8,7860875,159130,9991140,62.7860240055301,99740,9834554,393382.16,399645.6,35900,206211
"33","hancock",17.4,18.6,0.8,0,89.5,7.9,"First TN CORE",51.3,32,26.2,8020,1880,59631,31.7186170212766,1380,59086,29543,29815.5,100,268
"34","hardeman",17.7,12.5,8.7,0.1,86.3,11.8,"Southwest/Memphis CORE",52.4,47,36.3,184680,10090,380315,37.6922695738355,7680,376374,41819.3333333333,42257.2222222222,1210,3824
"35","hardin",18.9,17.5,2.8,0.4,91,3.7,"Southwest/Memphis CORE",57.6,57.4,43.6,133805,9150,405282,44.2931147540984,6220,399549,57078.4285714286,57897.4285714286,1140,4590
"36","hawkins",19.3,13.5,5.1,0.2,91.5,5,"First TN CORE",69.7,58.4,45.7,312130,21900,896009,40.9136529680365,13690,888109,126872.714285714,128001.285714286,2440,8991
"37","haywood",17.4,13.1,3,0,85.2,7.6,"Southwest/Memphis CORE",57.6,46.1,33.9,29440,7300,273991,37.5330136986301,5910,270970,135485,136995.5,930,3065
"38","henderson",19.5,10.8,0,0,96.4,2.4,"Southwest/Memphis CORE",86,76.4,53.3,164080,11290,485308,42.9856510186005,7870,479601,68514.4285714286,69329.7142857143,1300,4588
"39","henry",19.6,8.4,0.3,0,92,6.2,"Northwest CORE",78.5,83.8,52.7,185234,13270,598403,45.0944235116805,8150,587792,83970.2857142857,85486.1428571429,1660,6288
"40","hickman",18.4,17.3,1.6,0,92.5,5.2,"South Central CORE",40.2,54.2,48.9,95900,9170,374839,40.8766630316249,6380,370401,74080.2,74967.8,1010,3335
"41","houston",19.2,26.3,0.2,0,95.8,3.1,"Mid Cumberland CORE",58.6,69.4,44.5,20250,3250,133623,41.1147692307692,2170,132203,44067.6666666667,44541,390,1315
"42","humphreys",18.9,13.5,1.5,0.1,84.5,9.4,"Mid Cumberland CORE",51.7,74.1,47,63320,7780,377414,48.5107969151671,4970,372856,93214,94353.5,1070,3730
"43","jackson",18.4,8.2,0,0,87.4,8.4,"Upper Cumberland CORE",45.9,68.9,42.8,27440,3450,128765,37.3231884057971,2070,127046,31761.5,32191.25,330,1105
"44","jefferson",19.5,13.2,1.8,0,89.7,7.8,"East TN CORE",80.4,76.5,40.9,226400,22190,1009501,45.493510590356,14390,996121,199224.2,201900.2,3350,14130
"45","johnson",19.2,12.3,0,0,98.6,0.7,"First TN CORE",74.7,65.2,49.8,65250,6390,286511,44.8374021909233,3900,282945,56589,57302.2,860,3409
"46","knox",20.7,9.4,6.1,0,88.7,7.4,"East TN CORE",73.1,70.3,53.3,8135337,197610,12840197,64.9774657152978,118540,12624797,601180.809523809,611437.952380952,43540,234328
"47","lake",16.4,31.2,5.5,0.1,89.4,6.4,"Northwest CORE",22.9,25,32.5,9030,2190,81382,37.1607305936073,1650,79990,39995,40691,140,478
"48","lauderdale",17.6,9.5,6.7,0,97,0.7,"Southwest/Memphis CORE",79.9,51.9,40.5,84160,10140,390716,38.5321499013807,7980,386000,96500,97679,1070,3624
"49","lawrence",19.2,20.7,2,0,94.5,3.6,"South Central CORE",87.2,75.9,57.3,287360,16990,719849,42.3689817539729,11960,709714,88714.25,89981.125,1970,6644
"50","lewis",18.5,19.4,1,0,87.1,9.1,"South Central CORE",54.1,52.7,47.6,8280,3990,161370,40.4436090225564,2660,158792,158792,161370,410,1482
"51","lincoln",19.6,14,2.4,0,95.4,3.4,"South Central CORE",77,77.3,57.7,273780,14830,711492,47.9765340525961,9740,701800,77977.7777777778,79054.6666666667,2030,8168
"52","loudon",18.8,11.6,2.5,0.1,87.1,12,"East TN CORE",71.9,68.9,55.2,262550,25970,1558505,60.0117443203697,14960,1539971,307994.2,311701,5710,28443
"53","macon",18.5,6.6,2,0.2,86,11,"Upper Cumberland CORE",76.8,64.4,43,32760,7590,290108,38.2223978919631,5850,285823,142911.5,145054,570,1790
"54","madison",17.3,19.4,13,0.1,94.5,2.6,"Southwest/Memphis CORE",54.8,50.7,37.8,670080,41500,2096863,50.5268192771084,29280,2065586,258198.25,262107.875,7410,31690
"55","marion",18.7,16.3,0.8,0.1,84,8.3,"Southeast CORE",65.5707865168539,78.1,45.9,135420,10990,479319,43.6141037306642,7490,474224,79037.3333333333,79886.5,1410,4966
"56","marshall",18.9,12.3,3.4,0,89.9,7.3,"South Central CORE",86.1,74.2,48,111360,13790,613171,44.4649021029732,9270,606384,151596,153292.75,1630,6037
"57","maury",18.6,29,5,0,87,9.7,"South Central CORE",65.1,65.2,43.3,396972,32470,1570103,48.355497382199,21490,1549584,258264,261683.833333333,4820,18977
"58","mcminn",18.9,15.3,4.3,0,95.7,3.2,"Southeast CORE",78.2,71.6,47.6,253134,20120,888056,44.137972166998,13140,877341,146223.5,148009.333333333,2540,8366
"59","mcnairy",18.6,4.7,1.1,0,94.3,3.4,"Southwest/Memphis CORE",59.2,60,47,207810,10970,450995,41.1116681859617,7690,445733,49525.8888888889,50110.5555555556,1300,4240
"60","meigs",19.2,13.8,2.2,0,100,0,"Southeast CORE",71.2,72.1,49.3,19500,4750,227664,47.9292631578947,2920,225053,112526.5,113832,620,2464
"61","monroe",17.9,12,3.9,0.1,95.2,3.8,"East TN CORE",62.8,66,41.5,150360,18220,829652,45.5352360043908,11870,819635,204908.75,207413,2420,10991
"62","montgomery",19.4,6,5.3,0.3,93.4,4,"Mid Cumberland CORE",74.1,76.8,55.6,1355712,79730,3711472,46.5505079643798,59180,3659054,457381.75,463934,13260,56591
"63","moore",18.5,8.8,1.2,0,86.7,10.7,"South Central CORE",78,85.1,54.3,2840,1400,77116,55.0828571428571,850,76057,76057,77116,190,824
"64","morgan",17.9,5.7,1.4,0,97.9,1.7,"East TN CORE",53.1,52,34.1,59770,4970,203177,40.8806841046278,3700,201469,40293.8,40635.4,540,1830
"65","obion",19.1,11.3,2.2,0,87.7,7.5,"Northwest CORE",77.6,74.5,47.3,158796,12590,548907,43.5986497220016,8350,540414,90069,91484.5,1470,5765
"66","overton",18.9,14,0.8,0,91.2,7.2,"Upper Cumberland CORE",77.9,71.2,48.1,106358,7350,298023,40.5473469387755,4680,293790,41970,42574.7142857143,770,2706
"67","perry",18,24.1,1.5,0,91.9,7,"South Central CORE",48.5,58,42.6,12420,2990,122275,40.8946488294314,1990,121032,60516,61137.5,340,1026
"68","pickett",19.7,13.6,0.1,0,94.4,0,"Upper Cumberland CORE",85.9,69.4,33.5,8040,1960,96406,49.1867346938776,1210,94946,47473,48203,230,861
"69","polk",17.9,16,1.4,0,87.6,7.4,"Southeast CORE",60.5,70.2,41.6,118664,6870,281125,40.9206695778748,4320,278657,34832.125,35140.625,820,3069
"70","putnam",19.6,8.8,3.2,0,92.6,5.8,"Upper Cumberland CORE",65.5707865168539,73.9,48.9,422730,33620,1667805,49.6075252825699,22160,1638777,273129.5,277967.5,5230,23181
"71","rhea",18.6,19.8,3.9,0,85.3,5.9,"Southeast CORE",75.8,62.3,47.5,148800,14160,632117,44.6410310734463,10030,625939,125187.8,126423.4,1750,6397
"72","roane",19,NA,0.1,0,92.8,4.8,"East TN CORE",70.1,65.9,48.3,180280,22510,1103179,49.0083962683252,13560,1090883,272720.75,275794.75,3490,15309
"73","robertson",19.4,10.3,4.7,0,95.1,3.3,"Mid Cumberland CORE",73.3,65.4,47.5,401958,31290,1538709,49.1757430488974,24310,1518453,253075.5,256451.5,6120,23979
"74","rutherford",19.9,20.5,4.2,0.3,92.5,4.5,"Mid Cumberland CORE",74.6,73,58.7,2888908,130500,6989267,53.557601532567,90490,6899847,627258.818181818,635387.909090909,27610,112620
"75","scott",16.8,9.4,3.3,0.2,85.4,9.9,"East TN CORE",55,52,41.6,107562,7950,293786,36.954213836478,6440,290354,48392.3333333333,48964.3333333333,710,2313
"76","sequatchie",19.4,18.6,2.5,0.3,85.6,13,"Southeast CORE",67.7,77.8,38.2,10060,4670,206912,44.3066381156317,3500,204170,204170,206912,630,2454
"77","sevier",20.3,19.5,1.4,0,86.2,10.4,"East TN CORE",66,63.7,43.3,540618,44230,1888754,42.7030070088175,27590,1861635,310272.5,314792.333333333,6270,23273
"78","shelby",16.9,17.5,18.5,0.8,72.1,17.6,"Southwest/Memphis CORE",59.3,42.8,33,27986720,431870,25172353,58.2868756801815,348070,24833739,776054.34375,786636.03125,108450,662765
"79","smith",18.5,4.8,2.1,0.1,97.4,1.3,"Upper Cumberland CORE",65.5707865168539,70.6,48.3,155000,7500,333975,44.53,4970,329721,32972.1,33397.5,800,2953
"80","stewart",19.4,22.5,1.3,0,96.1,1.9,"Mid Cumberland CORE",77.6,66.7,54.8,56800,5500,243398,44.2541818181818,3500,240734,48146.8,48679.6,740,2692
"81","sullivan",19.9,15,4.3,0.3,92.6,6.5,"First TN CORE",65.9,61.9,48.7,1091920,69290,3612517,52.1361956992351,39280,3565584,445698,451564.625,11500,58273
"82","sumner",20.4,9.3,2.4,0,89.5,7,"Mid Cumberland CORE",73.8,68.6,60.3,1044330,73030,4555374,62.3767492811173,49020,4482022,640288.857142857,650767.714285714,17550,85019
"83","tipton",19.7,10.4,5.6,0,97.8,0.8,"Southwest/Memphis CORE",84.4,68.2,49.3,374927,25480,1252709,49.1644034536892,19240,1239116,177016.571428571,178958.428571429,5250,18922
"84","trousdale",20.8,9.2,1.1,0,96.9,1,"Upper Cumberland CORE",75.6,59.3,59.8,6070,3010,122370,40.6544850498339,2010,120770,120770,122370,310,1062
"85","unicoi",18.1,23.3,2.4,0,93.6,4,"First TN CORE",51.2,72.6,42.8,42960,7240,304778,42.096408839779,4130,301811,100603.666666667,101592.666666667,830,3146
"86","union",17.4,20.9,5.2,0.1,87.1,8.6,"East TN CORE",63.4,53.1,38.2,36990,5680,231692,40.7908450704225,4170,229151,76383.6666666667,77230.6666666667,570,2115
"87","van",18.4,10.9,0.4,0,91.5,8.5,"Upper Cumberland CORE",68.3,49.2,35.8,3180,1510,55979,37.0721854304636,1030,55290,55290,55979,140,553
"88","warren",18.4,15,1.5,0,89.1,8.8,"Upper Cumberland CORE",65.5707865168539,57.3,43.7,109674,16690,686564,41.1362492510485,12230,674918,224972.666666667,228854.666666667,1500,5235
"89","washington",20.2,14.7,1.3,0.1,91,2.1,"First TN CORE",67,67.6,55,791784,57770,3056560,52.9091223818591,32200,3009940,429991.428571429,436651.428571429,10220,47047
"90","wayne",18.2,19.7,0,0,95.8,1.2,"South Central CORE",71.8,69.5,36.9,71400,5640,234059,41.4998226950355,3790,231237,38539.5,39009.8333333333,910,3721
"91","weakley",19.7,9.9,4.4,0,93,4.2,"Northwest CORE",79.3,81.2,55.4,166859,12050,533278,44.2554356846473,7440,525314,75044.8571428571,76182.5714285714,1380,4948
"92","white",18.7,8.4,0.8,0,92.5,3,"Upper Cumberland CORE",80.3,82.8,47.2,90680,10930,431851,39.5106129917658,7230,425927,106481.75,107962.75,1150,3931
"93","williamson",23.8,7,0.2,0,94.4,4.4,"Mid Cumberland CORE",90.3,89.2,80.7,2568445,106170,12347440,116.298766129792,80150,12090558,1099141.63636364,1122494.54545455,44480,292740
"94","wilson",20,11.6,4.8,0,96.3,2.9,"Mid Cumberland CORE",69.8,74.1,60.6,449160,54130,3490879,64.4906521337521,35350,3437777,859444.25,872719.75,14040,60559
